call_id,agent_id,customer_phone,start_time,end_time,call_outcome,language,disposition_code,amount_promised,retry_flag,call_duration_seconds,call_hour,call_date,is_weekend,is_amount_imputed,duration_bucket
C0259,A08,9594811370,2026-04-29 21:19:27,2026-04-29 21:32:14,no_answer,Marathi,NO_RESPONSE,0.0,True,767.0,21,2026-04-29,False,False,long
C0284,A05,9992582047,2026-04-29 22:47:27,2026-04-29 22:55:05,connected,English,CALL_BACK,0.0,False,458.0,22,2026-04-29,False,False,long
C0381,A08,9714947283,2026-04-30 03:17:27,2026-04-30 03:32:24,no_answer,English,NO_RESPONSE,0.0,False,897.0,3,2026-04-30,False,True,long
C0436,A01,9976805431,2026-04-30 10:37:27,2026-04-30 10:51:42,no_answer,English,NO_RESPONSE,2000.0,False,855.0,10,2026-04-30,False,False,long
C0444,A03,9248369653,2026-04-30 10:42:27,2026-04-30 10:50:20,callback_requested,Marathi,NO_RESPONSE,5000.0,False,473.0,10,2026-04-30,False,False,long
C0139,A06,9211240259,2026-04-30 11:22:27,2026-04-30 11:27:56,no_answer,Hindi,CALL_BACK,0.0,True,329.0,11,2026-04-30,False,False,long
C0090,A08,9570040006,2026-04-30 12:28:27,2026-04-30 12:37:49,connected,Marathi,P2P,1000.0,False,562.0,12,2026-04-30,False,False,long
C0019,A04,9865523129,2026-04-30 14:01:27,2026-04-30 14:10:49,dropped,English,NO_RESPONSE,1000.0,False,562.0,14,2026-04-30,False,False,long
C0168,A10,9248604290,2026-04-30 15:08:27,2026-04-30 15:12:01,dropped,Hindi,CALL_BACK,500.0,True,214.0,15,2026-04-30,False,False,medium
C0119,A04,9826197069,2026-04-30 18:51:27,2026-04-30 19:04:29,callback_requested,Marathi,NO_RESPONSE,0.0,False,782.0,18,2026-04-30,False,True,long
C0028,A09,9165452690,2026-04-30 19:23:27,2026-04-30 19:36:10,dropped,Hindi,P2P,2000.0,False,763.0,19,2026-04-30,False,False,long
C0468,A03,9232322744,2026-04-30 20:25:27,2026-04-30 20:35:05,connected,Hindi,CALL_BACK,2000.0,True,578.0,20,2026-04-30,False,False,long
C0446,A03,9641051458,2026-04-30 23:52:27,2026-05-01 00:04:44,dropped,Marathi,P2P,500.0,False,737.0,23,2026-04-30,False,False,long
C0100,A03,9174958005,2026-05-01 01:28:27,2026-05-01 01:41:21,dropped,English,NO_RESPONSE,2000.0,False,774.0,1,2026-05-01,False,False,long
C0482,A01,9796348146,2026-05-01 06:04:27,2026-05-01 06:05:24,dropped,Hindi,NO_RESPONSE,5000.0,False,57.0,6,2026-05-01,False,False,short
C0063,A01,9190137896,2026-05-01 08:23:27,2026-05-01 08:33:14,callback_requested,Hindi,CALL_BACK,0.0,True,587.0,8,2026-05-01,False,False,long
C0440,A04,9869645166,2026-05-01 08:47:27,2026-05-01 08:55:25,dropped,Hindi,CALL_BACK,0.0,True,478.0,8,2026-05-01,False,True,long
C0455,A10,9810699207,2026-05-01 10:22:27,2026-05-01 10:23:29,dropped,English,NO_RESPONSE,0.0,False,62.0,10,2026-05-01,False,True,medium
C0363,A03,9729866807,2026-05-01 10:57:27,2026-05-01 10:57:59,no_answer,Hindi,NO_RESPONSE,0.0,False,32.0,10,2026-05-01,False,True,short
C0159,A06,9828960875,2026-05-01 11:36:27,2026-05-01 11:43:35,connected,Marathi,NO_RESPONSE,0.0,False,428.0,11,2026-05-01,False,True,long
C0389,A01,9462780939,2026-05-01 12:03:27,2026-05-01 12:09:58,dropped,English,NO_RESPONSE,1000.0,True,391.0,12,2026-05-01,False,False,long
C0031,A06,9356287095,2026-05-01 12:47:27,2026-05-01 12:59:02,dropped,English,FOLLOW_UP,5000.0,False,695.0,12,2026-05-01,False,False,long
C0342,A09,9543516366,2026-05-01 13:03:27,2026-05-01 13:18:02,dropped,English,P2P,2000.0,True,875.0,13,2026-05-01,False,False,long
C0264,A04,9306085476,2026-05-01 17:27:27,2026-05-01 17:30:09,dropped,English,NO_RESPONSE,1000.0,True,162.0,17,2026-05-01,False,False,medium
C0268,A08,9391086098,2026-05-01 22:04:27,2026-05-01 22:14:17,connected,Hindi,NO_RESPONSE,2000.0,True,590.0,22,2026-05-01,False,False,long
C0097,A01,9776481264,2026-05-01 22:29:27,2026-05-01 22:31:41,no_answer,Marathi,FOLLOW_UP,500.0,True,134.0,22,2026-05-01,False,False,medium
C0382,A10,9654928450,2026-05-01 22:58:27,2026-05-01 23:07:11,no_answer,Hindi,CALL_BACK,0.0,True,524.0,22,2026-05-01,False,False,long
C0053,A07,9630833445,2026-05-02 00:24:27,2026-05-02 00:27:56,callback_requested,Hindi,FOLLOW_UP,5000.0,True,209.0,0,2026-05-02,True,False,medium
C0060,A10,9508431021,2026-05-02 02:16:27,2026-05-02 02:16:57,callback_requested,Hindi,NO_RESPONSE,500.0,False,30.0,2,2026-05-02,True,False,short
C0355,A02,9400407178,2026-05-02 03:30:27,2026-05-02 03:31:39,callback_requested,Hindi,CALL_BACK,0.0,True,72.0,3,2026-05-02,True,False,medium
C0476,A02,9881067043,2026-05-02 03:48:27,2026-05-02 03:53:06,connected,Hindi,P2P,2000.0,False,279.0,3,2026-05-02,True,False,medium
C0058,A03,9348315126,2026-05-02 03:55:27,2026-05-02 03:57:58,callback_requested,Marathi,FOLLOW_UP,5000.0,True,151.0,3,2026-05-02,True,False,medium
C0221,A03,9411871167,2026-05-02 08:08:27,2026-05-02 08:14:30,connected,English,P2P,500.0,False,363.0,8,2026-05-02,True,False,long
C0352,A08,9154371817,2026-05-02 10:53:27,2026-05-02 10:54:20,no_answer,Marathi,CALL_BACK,5000.0,False,53.0,10,2026-05-02,True,False,short
C0056,A08,9583258726,2026-05-02 15:13:27,2026-05-02 15:28:19,dropped,Hindi,NO_RESPONSE,2000.0,False,892.0,15,2026-05-02,True,False,long
C0248,A04,9544056890,2026-05-02 16:18:27,2026-05-02 16:27:30,dropped,English,P2P,2000.0,True,543.0,16,2026-05-02,True,False,long
C0054,A04,9288856883,2026-05-02 17:11:27,2026-05-02 17:18:52,callback_requested,Hindi,FOLLOW_UP,0.0,False,445.0,17,2026-05-02,True,True,long
C0173,A04,9996534803,2026-05-02 18:59:27,2026-05-02 19:03:59,no_answer,Marathi,CALL_BACK,0.0,False,272.0,18,2026-05-02,True,True,medium
C0402,A10,9533897383,2026-05-02 19:09:27,2026-05-02 19:24:14,dropped,Marathi,FOLLOW_UP,5000.0,True,887.0,19,2026-05-02,True,False,long
C0217,A03,9656931857,2026-05-02 21:14:27,2026-05-02 21:15:40,no_answer,Marathi,NO_RESPONSE,5000.0,False,73.0,21,2026-05-02,True,False,medium
C0148,A01,9593657365,2026-05-02 21:58:27,2026-05-02 22:06:03,connected,English,CALL_BACK,2000.0,False,456.0,21,2026-05-02,True,False,long
C0429,A03,9618702826,2026-05-02 23:04:27,2026-05-02 23:18:55,callback_requested,Hindi,CALL_BACK,1000.0,True,868.0,23,2026-05-02,True,False,long
C0154,A08,9173321814,2026-05-03 00:40:27,2026-05-03 00:43:11,callback_requested,English,NO_RESPONSE,500.0,True,164.0,0,2026-05-03,True,False,medium
C0309,A03,9368088898,2026-05-03 00:52:27,2026-05-03 01:04:35,no_answer,Marathi,NO_RESPONSE,0.0,False,728.0,0,2026-05-03,True,False,long
C0187,A08,9137365109,2026-05-03 01:17:27,2026-05-03 01:30:57,no_answer,Hindi,FOLLOW_UP,5000.0,False,810.0,1,2026-05-03,True,False,long
C0326,A09,9833303441,2026-05-03 02:34:27,2026-05-03 02:40:51,no_answer,English,P2P,0.0,True,384.0,2,2026-05-03,True,True,long
C0334,A03,9373928805,2026-05-03 02:50:27,2026-05-03 02:56:53,connected,Marathi,P2P,0.0,True,386.0,2,2026-05-03,True,False,long
C0107,A02,9352082631,2026-05-03 03:58:27,2026-05-03 04:09:09,dropped,Hindi,P2P,1000.0,True,642.0,3,2026-05-03,True,False,long
C0113,A07,9714097318,2026-05-03 05:54:27,2026-05-03 05:58:39,dropped,Marathi,NO_RESPONSE,5000.0,False,252.0,5,2026-05-03,True,False,medium
C0061,A09,9958851904,2026-05-03 07:26:27,2026-05-03 07:39:22,no_answer,English,FOLLOW_UP,500.0,False,775.0,7,2026-05-03,True,False,long
C0399,A04,9601113183,2026-05-03 09:31:27,2026-05-03 09:35:55,dropped,Marathi,CALL_BACK,2000.0,True,268.0,9,2026-05-03,True,False,medium
C0254,A04,9304036387,2026-05-03 10:41:27,2026-05-03 10:41:52,connected,Marathi,CALL_BACK,0.0,True,25.0,10,2026-05-03,True,False,short
C0385,A01,9944552318,2026-05-03 12:27:27,2026-05-03 12:35:26,callback_requested,Hindi,CALL_BACK,0.0,True,479.0,12,2026-05-03,True,False,long
C0390,A08,9931109347,2026-05-03 13:52:27,2026-05-03 13:57:44,dropped,English,CALL_BACK,2000.0,True,317.0,13,2026-05-03,True,False,long
C0405,A09,9294493146,2026-05-03 15:07:27,2026-05-03 15:18:50,dropped,Hindi,CALL_BACK,0.0,False,683.0,15,2026-05-03,True,False,long
C0164,A09,9996703082,2026-05-03 17:28:27,2026-05-03 17:41:46,connected,Marathi,NO_RESPONSE,2000.0,True,799.0,17,2026-05-03,True,False,long
C0198,A09,9394689553,2026-05-03 18:44:27,2026-05-03 18:47:58,no_answer,Marathi,NO_RESPONSE,2000.0,True,211.0,18,2026-05-03,True,False,medium
C0072,A06,9363598427,2026-05-03 21:23:27,2026-05-03 21:28:11,connected,English,CALL_BACK,0.0,False,284.0,21,2026-05-03,True,False,medium
C0150,A02,9568915703,2026-05-03 22:02:27,2026-05-03 22:08:47,connected,Hindi,CALL_BACK,2000.0,False,380.0,22,2026-05-03,True,False,long
C0281,A05,9444311586,2026-05-04 00:22:27,2026-05-04 00:24:56,no_answer,English,NO_RESPONSE,0.0,False,149.0,0,2026-05-04,False,False,medium
C0016,A04,9264109919,2026-05-04 00:28:27,2026-05-04 00:39:00,dropped,Hindi,P2P,2000.0,False,633.0,0,2026-05-04,False,False,long
C0179,A08,9846668526,2026-05-04 00:49:27,2026-05-04 01:03:47,callback_requested,Marathi,FOLLOW_UP,0.0,True,860.0,0,2026-05-04,False,False,long
C0361,A03,9626602103,2026-05-04 05:26:27,2026-05-04 05:31:53,connected,Hindi,P2P,0.0,True,326.0,5,2026-05-04,False,False,long
C0170,A08,9475364113,2026-05-04 07:55:27,2026-05-04 07:59:24,connected,English,P2P,1000.0,False,237.0,7,2026-05-04,False,False,medium
C0424,A05,9486777550,2026-05-04 15:05:27,2026-05-04 15:06:17,dropped,English,P2P,0.0,True,50.0,15,2026-05-04,False,True,short
C0118,A08,9965960427,2026-05-04 15:44:27,2026-05-04 15:58:41,dropped,Marathi,NO_RESPONSE,0.0,False,854.0,15,2026-05-04,False,True,long
C0162,A09,9200344359,2026-05-04 16:18:27,2026-05-04 16:30:36,callback_requested,Marathi,NO_RESPONSE,0.0,False,729.0,16,2026-05-04,False,True,long
C0197,A05,9276799196,2026-05-04 17:27:27,2026-05-04 17:30:13,no_answer,English,FOLLOW_UP,500.0,False,166.0,17,2026-05-04,False,False,medium
C0065,A09,9155926488,2026-05-04 18:30:27,2026-05-04 18:30:56,dropped,Hindi,P2P,5000.0,True,29.0,18,2026-05-04,False,False,short
C0101,A05,9999232921,2026-05-04 20:42:27,2026-05-04 20:55:00,callback_requested,Hindi,CALL_BACK,2000.0,False,753.0,20,2026-05-04,False,False,long
C0200,A10,9384172112,2026-05-04 20:55:27,2026-05-04 20:56:23,no_answer,Marathi,CALL_BACK,2000.0,True,56.0,20,2026-05-04,False,False,short
C0214,A01,9740926818,2026-05-04 21:05:27,2026-05-04 21:17:21,callback_requested,English,FOLLOW_UP,5000.0,True,714.0,21,2026-05-04,False,False,long
C0360,A10,9130286569,2026-05-04 21:16:27,2026-05-04 21:22:44,dropped,Marathi,FOLLOW_UP,2000.0,True,377.0,21,2026-05-04,False,False,long
C0051,A02,9404713332,2026-05-04 21:50:27,2026-05-04 22:01:51,dropped,Hindi,FOLLOW_UP,5000.0,False,684.0,21,2026-05-04,False,False,long
C0013,A02,9513140753,2026-05-04 23:33:27,2026-05-04 23:43:47,callback_requested,Marathi,CALL_BACK,2000.0,False,620.0,23,2026-05-04,False,False,long
C0050,A06,9599277266,2026-05-05 02:22:27,2026-05-05 02:33:47,callback_requested,English,FOLLOW_UP,2000.0,False,680.0,2,2026-05-05,False,False,long
C0272,A06,9693819730,2026-05-05 06:29:27,2026-05-05 06:33:30,callback_requested,English,FOLLOW_UP,5000.0,False,243.0,6,2026-05-05,False,False,medium
C0427,A03,9221393557,2026-05-05 07:19:27,2026-05-05 07:33:13,no_answer,Marathi,P2P,0.0,True,826.0,7,2026-05-05,False,False,long
C0193,A02,9315801027,2026-05-05 09:28:27,2026-05-05 09:32:26,no_answer,Hindi,CALL_BACK,0.0,False,239.0,9,2026-05-05,False,True,medium
C0106,A07,9797756796,2026-05-05 12:39:27,2026-05-05 12:50:15,connected,English,CALL_BACK,500.0,False,648.0,12,2026-05-05,False,False,long
C0307,A01,9712112671,2026-05-05 14:08:27,2026-05-05 14:12:08,dropped,Marathi,NO_RESPONSE,2000.0,True,221.0,14,2026-05-05,False,False,medium
C0129,A01,9241522640,2026-05-05 15:53:27,2026-05-05 16:04:53,connected,English,FOLLOW_UP,2000.0,False,686.0,15,2026-05-05,False,False,long
C0238,A09,9546058739,2026-05-05 19:31:27,2026-05-05 19:33:52,callback_requested,Marathi,P2P,2000.0,False,145.0,19,2026-05-05,False,False,medium
C0108,A08,9278632824,2026-05-06 00:15:27,2026-05-06 00:17:19,dropped,Hindi,P2P,500.0,True,112.0,0,2026-05-06,False,False,medium
C0452,A10,9310957071,2026-05-06 02:26:27,2026-05-06 02:39:13,no_answer,English,CALL_BACK,0.0,True,766.0,2,2026-05-06,False,False,long
C0441,A10,9641378026,2026-05-06 06:31:27,2026-05-06 06:42:51,no_answer,English,P2P,2000.0,True,684.0,6,2026-05-06,False,False,long
C0007,A04,9208449460,2026-05-06 11:55:27,2026-05-06 12:10:12,callback_requested,English,CALL_BACK,5000.0,False,885.0,11,2026-05-06,False,False,long
C0092,A08,9398668350,2026-05-06 15:30:27,2026-05-06 15:39:28,no_answer,Marathi,CALL_BACK,5000.0,False,541.0,15,2026-05-06,False,False,long
C0037,A03,9895890631,2026-05-06 16:20:27,2026-05-06 16:25:05,callback_requested,Marathi,CALL_BACK,2000.0,True,278.0,16,2026-05-06,False,False,medium
C0322,A07,9477458516,2026-05-06 17:23:27,2026-05-06 17:36:04,callback_requested,English,FOLLOW_UP,0.0,False,757.0,17,2026-05-06,False,False,long
C0066,A01,9767154083,2026-05-06 20:45:27,2026-05-06 20:49:01,no_answer,Hindi,FOLLOW_UP,1000.0,True,214.0,20,2026-05-06,False,False,medium
C0423,A04,9590432899,2026-05-06 21:54:27,2026-05-06 21:58:59,dropped,English,CALL_BACK,0.0,True,272.0,21,2026-05-06,False,True,medium
C0366,A03,9882576281,2026-05-06 22:42:27,2026-05-06 22:44:47,connected,Marathi,CALL_BACK,2000.0,True,140.0,22,2026-05-06,False,False,medium
C0132,A08,9790781796,2026-05-06 23:27:27,2026-05-06 23:32:45,connected,Hindi,CALL_BACK,1000.0,False,318.0,23,2026-05-06,False,False,long
C0450,A04,9648598641,2026-05-07 00:25:27,2026-05-07 00:32:15,dropped,Marathi,P2P,1000.0,False,408.0,0,2026-05-07,False,False,long
C0406,A06,9802693852,2026-05-07 03:12:27,2026-05-07 03:15:44,connected,Hindi,NO_RESPONSE,0.0,False,197.0,3,2026-05-07,False,False,medium
C0260,A09,9789137659,2026-05-07 03:29:27,2026-05-07 03:32:45,connected,Marathi,P2P,0.0,True,198.0,3,2026-05-07,False,True,medium
C0035,A05,9749431082,2026-05-07 03:51:27,2026-05-07 03:56:15,no_answer,Marathi,NO_RESPONSE,0.0,False,288.0,3,2026-05-07,False,False,medium
C0330,A02,9566523205,2026-05-07 13:57:27,2026-05-07 14:01:47,connected,English,P2P,500.0,True,260.0,13,2026-05-07,False,False,medium
C0445,A04,9315703009,2026-05-07 21:01:27,2026-05-07 21:11:03,no_answer,Marathi,NO_RESPONSE,5000.0,False,576.0,21,2026-05-07,False,False,long
C0220,A08,9474524558,2026-05-07 22:29:27,2026-05-07 22:35:01,dropped,English,P2P,2000.0,False,334.0,22,2026-05-07,False,False,long
C0364,A02,9461379699,2026-05-07 23:35:27,2026-05-07 23:45:37,dropped,English,FOLLOW_UP,0.0,False,610.0,23,2026-05-07,False,False,long
C0437,A08,9222431652,2026-05-07 23:37:27,2026-05-07 23:49:50,connected,Marathi,FOLLOW_UP,0.0,False,743.0,23,2026-05-07,False,True,long
C0003,A07,9336696312,2026-05-08 00:16:27,2026-05-08 00:25:55,callback_requested,Marathi,NO_RESPONSE,0.0,True,568.0,0,2026-05-08,False,True,long
C0149,A02,9534900128,2026-05-08 00:34:27,2026-05-08 00:39:33,connected,English,FOLLOW_UP,2000.0,False,306.0,0,2026-05-08,False,False,long
C0274,A07,9440030663,2026-05-08 00:51:27,2026-05-08 01:04:14,dropped,Hindi,P2P,0.0,False,767.0,0,2026-05-08,False,True,long
C0021,A02,9133729406,2026-05-08 00:57:27,2026-05-08 01:01:31,dropped,Hindi,FOLLOW_UP,500.0,False,244.0,0,2026-05-08,False,False,medium
C0213,A01,9495521185,2026-05-08 02:41:27,2026-05-08 02:49:43,dropped,Marathi,P2P,1000.0,False,496.0,2,2026-05-08,False,False,long
C0169,A05,9190060226,2026-05-08 04:06:27,2026-05-08 04:08:44,no_answer,English,CALL_BACK,2000.0,True,137.0,4,2026-05-08,False,False,medium
C0183,A09,9386389162,2026-05-08 05:37:27,2026-05-08 05:51:13,connected,Marathi,CALL_BACK,0.0,False,826.0,5,2026-05-08,False,True,long
C0191,A03,9179512774,2026-05-08 05:48:27,2026-05-08 05:50:42,callback_requested,Hindi,CALL_BACK,0.0,False,135.0,5,2026-05-08,False,True,medium
C0180,A04,9147036629,2026-05-08 06:58:27,2026-05-08 07:03:37,no_answer,Hindi,NO_RESPONSE,500.0,False,310.0,6,2026-05-08,False,False,long
C0250,A05,9504221050,2026-05-08 07:34:27,2026-05-08 07:37:09,no_answer,Marathi,CALL_BACK,0.0,True,162.0,7,2026-05-08,False,False,medium
C0004,A03,9331191390,2026-05-08 07:39:27,2026-05-08 07:44:21,dropped,Hindi,P2P,1000.0,True,294.0,7,2026-05-08,False,False,medium
C0125,A08,9353524015,2026-05-08 09:47:27,2026-05-08 09:55:11,dropped,Hindi,NO_RESPONSE,2000.0,False,464.0,9,2026-05-08,False,False,long
C0348,A09,9152560325,2026-05-08 13:38:27,2026-05-08 13:45:22,dropped,English,FOLLOW_UP,0.0,False,415.0,13,2026-05-08,False,True,long
C0081,A08,9210152642,2026-05-08 16:20:27,2026-05-08 16:35:26,connected,Marathi,NO_RESPONSE,1000.0,False,899.0,16,2026-05-08,False,False,long
C0287,A10,9147563208,2026-05-08 23:38:27,2026-05-08 23:41:27,callback_requested,English,CALL_BACK,0.0,True,180.0,23,2026-05-08,False,True,medium
C0044,A02,9380477683,2026-05-09 03:39:27,2026-05-09 03:40:05,no_answer,Marathi,NO_RESPONSE,0.0,True,38.0,3,2026-05-09,True,True,short
C0137,A02,9200105056,2026-05-09 05:56:27,2026-05-09 05:58:10,callback_requested,Hindi,NO_RESPONSE,0.0,True,103.0,5,2026-05-09,True,False,medium
C0192,A09,9682152066,2026-05-09 09:15:27,2026-05-09 09:16:43,dropped,English,FOLLOW_UP,5000.0,True,76.0,9,2026-05-09,True,False,medium
C0070,A06,9113585139,2026-05-09 09:56:27,2026-05-09 10:05:15,callback_requested,English,P2P,1000.0,False,528.0,9,2026-05-09,True,False,long
C0239,A07,9373221357,2026-05-09 11:14:27,2026-05-09 11:14:59,connected,Marathi,FOLLOW_UP,2000.0,True,32.0,11,2026-05-09,True,False,short
C0298,A04,9427899285,2026-05-09 16:40:27,2026-05-09 16:42:37,connected,Hindi,NO_RESPONSE,5000.0,True,130.0,16,2026-05-09,True,False,medium
C0231,A08,9447464644,2026-05-09 17:49:27,2026-05-09 17:52:00,no_answer,Hindi,NO_RESPONSE,1000.0,True,153.0,17,2026-05-09,True,False,medium
C0144,A07,9621475287,2026-05-09 18:43:27,2026-05-09 18:51:10,callback_requested,English,NO_RESPONSE,0.0,True,463.0,18,2026-05-09,True,False,long
C0465,A10,9148873346,2026-05-09 21:21:27,2026-05-09 21:22:41,connected,English,P2P,500.0,False,74.0,21,2026-05-09,True,False,medium
C0413,A06,9435106513,2026-05-09 21:45:27,2026-05-09 21:49:28,no_answer,Hindi,CALL_BACK,2000.0,False,241.0,21,2026-05-09,True,False,medium
C0249,A08,9150341410,2026-05-09 23:33:27,2026-05-09 23:43:06,dropped,Marathi,CALL_BACK,2000.0,False,579.0,23,2026-05-09,True,False,long
C0175,A03,9412750915,2026-05-10 04:24:27,2026-05-10 04:28:44,callback_requested,Hindi,NO_RESPONSE,0.0,False,257.0,4,2026-05-10,True,False,medium
C0122,A05,9797115550,2026-05-10 06:02:27,2026-05-10 06:14:34,callback_requested,Hindi,FOLLOW_UP,0.0,True,727.0,6,2026-05-10,True,True,long
C0071,A07,9289125618,2026-05-10 06:15:27,2026-05-10 06:18:13,dropped,Marathi,CALL_BACK,1000.0,False,166.0,6,2026-05-10,True,False,medium
C0234,A04,9335287540,2026-05-10 11:37:27,2026-05-10 11:48:06,no_answer,English,FOLLOW_UP,1000.0,False,639.0,11,2026-05-10,True,False,long
C0377,A02,9431091936,2026-05-10 11:55:27,2026-05-10 12:03:41,callback_requested,English,CALL_BACK,5000.0,False,494.0,11,2026-05-10,True,False,long
C0222,A04,9316968866,2026-05-10 12:13:27,2026-05-10 12:21:47,dropped,Marathi,NO_RESPONSE,0.0,True,500.0,12,2026-05-10,True,False,long
C0111,A01,9963968184,2026-05-10 12:31:27,2026-05-10 12:35:58,callback_requested,English,FOLLOW_UP,0.0,False,271.0,12,2026-05-10,True,True,medium
C0057,A02,9866162966,2026-05-10 13:43:27,2026-05-10 13:51:07,dropped,Hindi,NO_RESPONSE,500.0,False,460.0,13,2026-05-10,True,False,long
C0394,A04,9499933139,2026-05-10 17:17:27,2026-05-10 17:18:08,callback_requested,Marathi,CALL_BACK,0.0,False,41.0,17,2026-05-10,True,False,short
C0001,A05,9362950628,2026-05-10 17:59:27,2026-05-10 18:12:16,no_answer,Hindi,P2P,5000.0,True,769.0,17,2026-05-10,True,False,long
C0462,A03,9125504528,2026-05-10 18:13:27,2026-05-10 18:25:19,callback_requested,Marathi,NO_RESPONSE,0.0,True,712.0,18,2026-05-10,True,True,long
C0156,A09,9512834919,2026-05-10 18:21:27,2026-05-10 18:31:45,callback_requested,Marathi,P2P,1000.0,True,618.0,18,2026-05-10,True,False,long
C0323,A10,9744253537,2026-05-10 18:45:27,2026-05-10 18:55:03,dropped,Marathi,P2P,5000.0,False,576.0,18,2026-05-10,True,False,long
C0089,A05,9571537429,2026-05-10 21:08:27,2026-05-10 21:18:19,connected,English,NO_RESPONSE,5000.0,False,592.0,21,2026-05-10,True,False,long
C0223,A04,9154508960,2026-05-10 21:23:27,2026-05-10 21:27:42,no_answer,Marathi,FOLLOW_UP,0.0,True,255.0,21,2026-05-10,True,True,medium
C0491,A03,9877589651,2026-05-10 23:28:27,2026-05-10 23:33:07,dropped,English,P2P,0.0,False,280.0,23,2026-05-10,True,False,medium
C0034,A09,9421455482,2026-05-11 00:27:27,2026-05-11 00:27:45,connected,Hindi,NO_RESPONSE,0.0,True,18.0,0,2026-05-11,False,True,short
C0084,A04,9932894596,2026-05-11 01:10:27,2026-05-11 01:21:10,callback_requested,English,CALL_BACK,500.0,False,643.0,1,2026-05-11,False,False,long
C0049,A09,9995205588,2026-05-11 02:41:27,2026-05-11 02:48:32,connected,English,NO_RESPONSE,0.0,False,425.0,2,2026-05-11,False,False,long
C0096,A01,9318568997,2026-05-11 05:20:27,2026-05-11 05:28:09,dropped,Marathi,FOLLOW_UP,500.0,False,462.0,5,2026-05-11,False,False,long
C0219,A05,9699240979,2026-05-11 05:48:27,2026-05-11 05:52:49,dropped,Hindi,NO_RESPONSE,500.0,True,262.0,5,2026-05-11,False,False,medium
C0165,A03,9992649957,2026-05-11 08:51:27,2026-05-11 08:54:23,no_answer,Marathi,CALL_BACK,0.0,False,176.0,8,2026-05-11,False,True,medium
C0115,A04,9766676815,2026-05-11 09:46:27,2026-05-11 09:57:28,dropped,Marathi,FOLLOW_UP,5000.0,True,661.0,9,2026-05-11,False,False,long
C0047,A02,9872830248,2026-05-11 10:18:27,2026-05-11 10:33:05,dropped,Marathi,NO_RESPONSE,5000.0,False,878.0,10,2026-05-11,False,False,long
C0499,A04,9543700355,2026-05-11 12:17:27,2026-05-11 12:24:23,callback_requested,Hindi,NO_RESPONSE,2000.0,False,416.0,12,2026-05-11,False,False,long
C0091,A04,9824022357,2026-05-11 12:59:27,2026-05-11 13:01:10,connected,Marathi,NO_RESPONSE,2000.0,True,103.0,12,2026-05-11,False,False,medium
C0184,A06,9210163669,2026-05-11 15:26:27,2026-05-11 15:31:37,connected,English,NO_RESPONSE,500.0,False,310.0,15,2026-05-11,False,False,long
C0398,A10,9964454042,2026-05-11 20:46:27,2026-05-11 20:50:55,dropped,Marathi,NO_RESPONSE,1000.0,False,268.0,20,2026-05-11,False,False,medium
C0124,A07,9803217037,2026-05-11 21:14:27,2026-05-11 21:17:15,connected,English,CALL_BACK,500.0,True,168.0,21,2026-05-11,False,False,medium
C0073,A06,9130816384,2026-05-12 01:18:27,2026-05-12 01:25:05,callback_requested,English,FOLLOW_UP,1000.0,True,398.0,1,2026-05-12,False,False,long
C0447,A07,9823963430,2026-05-12 02:18:27,2026-05-12 02:30:44,dropped,English,P2P,2000.0,True,737.0,2,2026-05-12,False,False,long
C0386,A02,9213424523,2026-05-12 02:23:27,2026-05-12 02:36:33,connected,English,NO_RESPONSE,1000.0,False,786.0,2,2026-05-12,False,False,long
C0351,A02,9123407763,2026-05-12 02:44:27,2026-05-12 02:58:29,connected,Hindi,CALL_BACK,0.0,True,842.0,2,2026-05-12,False,False,long
C0483,A07,9801878526,2026-05-12 03:24:27,2026-05-12 03:27:35,callback_requested,English,P2P,2000.0,False,188.0,3,2026-05-12,False,False,medium
C0497,A01,9502685267,2026-05-12 04:53:27,2026-05-12 05:02:29,no_answer,Marathi,NO_RESPONSE,1000.0,False,542.0,4,2026-05-12,False,False,long
C0215,A10,9931726993,2026-05-12 05:50:27,2026-05-12 05:59:33,callback_requested,Hindi,FOLLOW_UP,0.0,True,546.0,5,2026-05-12,False,True,long
C0002,A02,9334760738,2026-05-12 07:58:27,2026-05-12 07:59:07,no_answer,Marathi,P2P,2000.0,True,40.0,7,2026-05-12,False,False,short
C0270,A06,9512151733,2026-05-12 08:17:27,2026-05-12 08:26:50,no_answer,Marathi,P2P,2000.0,False,563.0,8,2026-05-12,False,False,long
C0286,A07,9683734594,2026-05-12 08:26:27,2026-05-12 08:35:15,connected,English,P2P,0.0,True,528.0,8,2026-05-12,False,True,long
C0103,A07,9146865930,2026-05-12 08:46:27,2026-05-12 09:01:13,dropped,Marathi,CALL_BACK,5000.0,False,886.0,8,2026-05-12,False,False,long
C0067,A05,9923450567,2026-05-12 14:31:27,2026-05-12 14:43:33,dropped,Hindi,P2P,0.0,False,726.0,14,2026-05-12,False,False,long
C0189,A07,9437568796,2026-05-12 16:27:27,2026-05-12 16:33:52,dropped,Hindi,P2P,0.0,True,385.0,16,2026-05-12,False,True,long
C0297,A08,9762888128,2026-05-12 17:38:27,2026-05-12 17:44:37,no_answer,Marathi,NO_RESPONSE,2000.0,True,370.0,17,2026-05-12,False,False,long
C0226,A01,9287974375,2026-05-12 21:14:27,2026-05-12 21:29:07,callback_requested,Hindi,P2P,1000.0,False,880.0,21,2026-05-12,False,False,long
C0194,A09,9239340792,2026-05-13 02:37:27,2026-05-13 02:45:35,connected,Hindi,NO_RESPONSE,1000.0,False,488.0,2,2026-05-13,False,False,long
C0435,A02,9950170825,2026-05-13 04:00:27,2026-05-13 04:14:42,dropped,Marathi,FOLLOW_UP,5000.0,False,855.0,4,2026-05-13,False,False,long
C0442,A08,9645818292,2026-05-13 07:07:27,2026-05-13 07:17:36,no_answer,Marathi,FOLLOW_UP,5000.0,True,609.0,7,2026-05-13,False,False,long
C0006,A10,9488302652,2026-05-13 11:07:27,2026-05-13 11:18:20,no_answer,Marathi,P2P,0.0,True,653.0,11,2026-05-13,False,True,long
C0303,A08,9707362554,2026-05-13 11:50:27,2026-05-13 12:03:56,callback_requested,Marathi,P2P,2000.0,True,809.0,11,2026-05-13,False,False,long
C0467,A07,9955525741,2026-05-13 13:52:27,2026-05-13 14:05:21,dropped,Marathi,FOLLOW_UP,500.0,False,774.0,13,2026-05-13,False,False,long
C0300,A03,9300895568,2026-05-13 15:29:27,2026-05-13 15:34:32,dropped,English,P2P,500.0,True,305.0,15,2026-05-13,False,False,long
C0014,A02,9831980933,2026-05-13 20:17:27,2026-05-13 20:29:55,dropped,Marathi,NO_RESPONSE,0.0,False,748.0,20,2026-05-13,False,True,long
C0236,A10,9220483278,2026-05-13 22:37:27,2026-05-13 22:38:56,connected,Marathi,FOLLOW_UP,2000.0,True,89.0,22,2026-05-13,False,False,medium
C0099,A08,9607042130,2026-05-13 22:43:27,2026-05-13 22:50:42,no_answer,English,FOLLOW_UP,1000.0,True,435.0,22,2026-05-13,False,False,long
C0318,A01,9846891707,2026-05-13 23:32:27,2026-05-13 23:32:46,dropped,Hindi,CALL_BACK,5000.0,True,19.0,23,2026-05-13,False,False,short
C0158,A04,9859803019,2026-05-14 00:49:27,2026-05-14 00:50:17,callback_requested,English,FOLLOW_UP,500.0,False,50.0,0,2026-05-14,False,False,short
C0199,A10,9265564833,2026-05-14 00:50:27,2026-05-14 01:00:43,no_answer,Marathi,NO_RESPONSE,2000.0,True,616.0,0,2026-05-14,False,False,long
C0152,A06,9476990466,2026-05-14 04:48:27,2026-05-14 05:01:51,no_answer,Hindi,P2P,0.0,False,804.0,4,2026-05-14,False,False,long
C0029,A09,9186019028,2026-05-14 04:50:27,2026-05-14 04:51:35,no_answer,Hindi,P2P,5000.0,True,68.0,4,2026-05-14,False,False,medium
C0432,A03,9180385942,2026-05-14 05:06:27,2026-05-14 05:15:04,callback_requested,English,FOLLOW_UP,500.0,False,517.0,5,2026-05-14,False,False,long
C0036,A01,9199104722,2026-05-14 05:44:27,2026-05-14 05:59:03,callback_requested,English,P2P,0.0,False,876.0,5,2026-05-14,False,True,long
C0195,A10,9179189225,2026-05-14 07:11:27,2026-05-14 07:18:36,no_answer,English,P2P,1000.0,False,429.0,7,2026-05-14,False,False,long
C0299,A03,9717193289,2026-05-14 08:34:27,2026-05-14 08:44:47,callback_requested,English,FOLLOW_UP,1000.0,True,620.0,8,2026-05-14,False,False,long
C0218,A08,9672440825,2026-05-14 08:40:27,2026-05-14 08:43:34,dropped,Marathi,NO_RESPONSE,5000.0,False,187.0,8,2026-05-14,False,False,medium
C0358,A04,9271395839,2026-05-14 09:11:27,2026-05-14 09:21:35,connected,Hindi,FOLLOW_UP,500.0,True,608.0,9,2026-05-14,False,False,long
C0033,A02,9362298393,2026-05-14 12:52:27,2026-05-14 12:58:34,dropped,English,FOLLOW_UP,1000.0,False,367.0,12,2026-05-14,False,False,long
C0456,A02,9944238354,2026-05-14 13:49:27,2026-05-14 13:58:30,no_answer,English,CALL_BACK,0.0,False,543.0,13,2026-05-14,False,True,long
C0329,A09,9450845460,2026-05-14 14:09:27,2026-05-14 14:12:16,callback_requested,Marathi,P2P,500.0,False,169.0,14,2026-05-14,False,False,medium
C0243,A01,9911941471,2026-05-14 16:14:27,2026-05-14 16:18:25,connected,English,CALL_BACK,5000.0,False,238.0,16,2026-05-14,False,False,medium
C0343,A07,9180348617,2026-05-14 16:20:27,2026-05-14 16:34:36,connected,English,FOLLOW_UP,0.0,False,849.0,16,2026-05-14,False,False,long
C0211,A03,9866213410,2026-05-14 19:58:27,2026-05-14 19:59:16,dropped,English,CALL_BACK,0.0,True,49.0,19,2026-05-14,False,False,short
C0479,A10,9834612989,2026-05-14 20:18:27,2026-05-14 20:22:41,no_answer,Marathi,FOLLOW_UP,1000.0,True,254.0,20,2026-05-14,False,False,medium
C0487,A04,9734356903,2026-05-14 23:30:27,2026-05-14 23:38:47,no_answer,Marathi,CALL_BACK,0.0,True,500.0,23,2026-05-14,False,True,long
C0201,A05,9618558050,2026-05-15 00:26:27,2026-05-15 00:31:33,no_answer,Marathi,CALL_BACK,500.0,False,306.0,0,2026-05-15,False,False,long
C0131,A09,9737444033,2026-05-15 06:11:27,2026-05-15 06:17:47,connected,English,FOLLOW_UP,2000.0,True,380.0,6,2026-05-15,False,False,long
C0206,A02,9522240582,2026-05-15 11:29:27,2026-05-15 11:30:00,callback_requested,Hindi,FOLLOW_UP,2000.0,False,33.0,11,2026-05-15,False,False,short
C0408,A07,9668909764,2026-05-15 14:28:27,2026-05-15 14:30:39,dropped,English,P2P,0.0,True,132.0,14,2026-05-15,False,False,medium
C0302,A01,9954570592,2026-05-15 15:55:27,2026-05-15 16:05:15,no_answer,English,P2P,500.0,True,588.0,15,2026-05-15,False,False,long
C0439,A07,9214849044,2026-05-15 16:08:27,2026-05-15 16:20:51,dropped,Marathi,FOLLOW_UP,0.0,True,744.0,16,2026-05-15,False,False,long
C0310,A05,9774108885,2026-05-15 16:24:27,2026-05-15 16:35:24,callback_requested,English,CALL_BACK,0.0,True,657.0,16,2026-05-15,False,True,long
C0301,A07,9702994164,2026-05-15 16:48:27,2026-05-15 17:02:31,callback_requested,English,CALL_BACK,1000.0,False,844.0,16,2026-05-15,False,False,long
C0279,A04,9874059895,2026-05-15 18:37:27,2026-05-15 18:41:54,callback_requested,Marathi,FOLLOW_UP,1000.0,True,267.0,18,2026-05-15,False,False,medium
C0319,A02,9884651200,2026-05-15 18:46:27,2026-05-15 18:53:09,connected,Hindi,NO_RESPONSE,500.0,False,402.0,18,2026-05-15,False,False,long
C0062,A07,9877583839,2026-05-15 20:36:27,2026-05-15 20:42:21,no_answer,English,FOLLOW_UP,2000.0,True,354.0,20,2026-05-15,False,False,long
C0353,A07,9285550328,2026-05-15 20:36:27,2026-05-15 20:48:16,dropped,Hindi,FOLLOW_UP,500.0,False,709.0,20,2026-05-15,False,False,long
C0017,A05,9357109965,2026-05-15 20:53:27,2026-05-15 20:59:48,connected,Hindi,P2P,0.0,False,381.0,20,2026-05-15,False,True,long
C0370,A07,9629442753,2026-05-15 21:34:27,2026-05-15 21:37:27,callback_requested,English,CALL_BACK,0.0,False,180.0,21,2026-05-15,False,True,medium
C0228,A08,9244096091,2026-05-16 00:26:27,2026-05-16 00:35:33,callback_requested,English,FOLLOW_UP,0.0,False,546.0,0,2026-05-16,True,True,long
C0246,A01,9362781292,2026-05-16 01:17:27,2026-05-16 01:29:37,connected,English,CALL_BACK,0.0,True,730.0,1,2026-05-16,True,False,long
C0490,A08,9283144690,2026-05-16 01:30:27,2026-05-16 01:45:25,no_answer,English,FOLLOW_UP,2000.0,True,898.0,1,2026-05-16,True,False,long
C0475,A08,9692353117,2026-05-16 09:11:27,2026-05-16 09:16:49,connected,Hindi,P2P,500.0,True,322.0,9,2026-05-16,True,False,long
C0275,A02,9242278314,2026-05-16 09:12:27,2026-05-16 09:17:13,connected,Hindi,CALL_BACK,1000.0,False,286.0,9,2026-05-16,True,False,medium
C0321,A03,9542070132,2026-05-16 09:14:27,2026-05-16 09:18:15,callback_requested,Hindi,P2P,0.0,True,228.0,9,2026-05-16,True,True,medium
C0339,A04,9886476517,2026-05-16 09:23:27,2026-05-16 09:32:02,no_answer,Hindi,P2P,1000.0,True,515.0,9,2026-05-16,True,False,long
C0032,A02,9110002396,2026-05-16 10:01:27,2026-05-16 10:14:26,callback_requested,Marathi,P2P,0.0,True,779.0,10,2026-05-16,True,True,long
C0082,A05,9612957813,2026-05-16 10:49:27,2026-05-16 10:50:29,connected,Hindi,CALL_BACK,1000.0,True,62.0,10,2026-05-16,True,False,medium
C0232,A10,9876189202,2026-05-16 12:39:27,2026-05-16 12:44:46,connected,English,NO_RESPONSE,5000.0,True,319.0,12,2026-05-16,True,False,long
C0354,A10,9762474187,2026-05-16 16:58:27,2026-05-16 17:09:05,no_answer,Marathi,NO_RESPONSE,1000.0,False,638.0,16,2026-05-16,True,False,long
C0306,A04,9325354965,2026-05-16 17:11:27,2026-05-16 17:25:28,dropped,Marathi,CALL_BACK,0.0,True,841.0,17,2026-05-16,True,False,long
C0204,A04,9251266214,2026-05-16 17:43:27,2026-05-16 17:51:17,connected,Hindi,NO_RESPONSE,1000.0,False,470.0,17,2026-05-16,True,False,long
C0076,A04,9534222401,2026-05-16 20:55:27,2026-05-16 21:00:38,no_answer,English,NO_RESPONSE,1000.0,False,311.0,20,2026-05-16,True,False,long
C0077,A06,9854684750,2026-05-16 21:25:27,2026-05-16 21:31:15,callback_requested,English,NO_RESPONSE,500.0,True,348.0,21,2026-05-16,True,False,long
C0235,A09,9961135562,2026-05-16 22:25:27,2026-05-16 22:33:39,no_answer,Hindi,P2P,2000.0,False,492.0,22,2026-05-16,True,False,long
C0431,A08,9471245687,2026-05-16 23:14:27,2026-05-16 23:18:51,callback_requested,Hindi,P2P,0.0,True,264.0,23,2026-05-16,True,True,medium
C0451,A01,9113921319,2026-05-16 23:40:27,2026-05-16 23:50:02,dropped,Hindi,CALL_BACK,0.0,False,575.0,23,2026-05-16,True,False,long
C0317,A02,9101166414,2026-05-17 00:55:27,2026-05-17 01:07:37,no_answer,English,P2P,0.0,True,730.0,0,2026-05-17,True,False,long
C0428,A10,9828419083,2026-05-17 02:30:27,2026-05-17 02:44:18,callback_requested,Hindi,CALL_BACK,500.0,True,831.0,2,2026-05-17,True,False,long
C0418,A09,9371375678,2026-05-17 06:36:27,2026-05-17 06:38:43,callback_requested,Marathi,FOLLOW_UP,0.0,True,136.0,6,2026-05-17,True,False,medium
C0224,A02,9831424323,2026-05-17 10:15:27,2026-05-17 10:23:40,no_answer,Hindi,FOLLOW_UP,1000.0,False,493.0,10,2026-05-17,True,False,long
C0407,A10,9415734988,2026-05-17 10:37:27,2026-05-17 10:42:03,callback_requested,Hindi,CALL_BACK,0.0,True,276.0,10,2026-05-17,True,True,medium
C0241,A07,9502074351,2026-05-17 15:11:27,2026-05-17 15:13:55,callback_requested,English,CALL_BACK,1000.0,True,148.0,15,2026-05-17,True,False,medium
C0015,A05,9637500247,2026-05-17 15:31:27,2026-05-17 15:31:40,no_answer,Marathi,P2P,5000.0,False,13.0,15,2026-05-17,True,False,short
C0305,A04,9419662531,2026-05-17 17:13:27,2026-05-17 17:27:46,connected,English,NO_RESPONSE,500.0,True,859.0,17,2026-05-17,True,False,long
C0088,A03,9385220694,2026-05-17 17:26:27,2026-05-17 17:30:27,no_answer,Hindi,P2P,0.0,False,240.0,17,2026-05-17,True,False,medium
C0290,A03,9474015041,2026-05-17 18:53:27,2026-05-17 19:07:48,dropped,English,CALL_BACK,0.0,False,861.0,18,2026-05-17,True,False,long
C0257,A04,9895913682,2026-05-17 19:24:27,2026-05-17 19:39:21,no_answer,Hindi,NO_RESPONSE,2000.0,False,894.0,19,2026-05-17,True,False,long
C0253,A01,9178151583,2026-05-17 23:22:27,2026-05-17 23:32:54,no_answer,Marathi,FOLLOW_UP,1000.0,True,627.0,23,2026-05-17,True,False,long
C0387,A10,9607929943,2026-05-18 00:29:27,2026-05-18 00:39:22,connected,Hindi,NO_RESPONSE,1000.0,True,595.0,0,2026-05-18,False,False,long
C0311,A06,9588225728,2026-05-18 04:13:27,2026-05-18 04:18:21,callback_requested,English,P2P,5000.0,True,294.0,4,2026-05-18,False,False,medium
C0464,A07,9439736473,2026-05-18 06:20:27,2026-05-18 06:27:31,connected,English,P2P,2000.0,True,424.0,6,2026-05-18,False,False,long
C0459,A05,9126527569,2026-05-18 12:26:27,2026-05-18 12:38:58,dropped,Marathi,CALL_BACK,1000.0,True,751.0,12,2026-05-18,False,False,long
C0357,A06,9741148802,2026-05-18 12:49:27,2026-05-18 12:50:03,no_answer,Hindi,NO_RESPONSE,0.0,False,36.0,12,2026-05-18,False,True,short
C0010,A10,9870854579,2026-05-18 12:56:27,2026-05-18 13:00:13,dropped,Hindi,CALL_BACK,1000.0,False,226.0,12,2026-05-18,False,False,medium
C0255,A05,9508732434,2026-05-18 13:25:27,2026-05-18 13:31:06,callback_requested,Marathi,NO_RESPONSE,500.0,False,339.0,13,2026-05-18,False,False,long
C0484,A06,9977501292,2026-05-18 13:27:27,2026-05-18 13:34:32,dropped,English,CALL_BACK,2000.0,True,425.0,13,2026-05-18,False,False,long
C0492,A04,9661257031,2026-05-18 16:54:27,2026-05-18 16:54:53,callback_requested,Hindi,P2P,0.0,False,26.0,16,2026-05-18,False,False,short
C0030,A04,9721609600,2026-05-18 17:04:27,2026-05-18 17:14:20,connected,Marathi,P2P,1000.0,False,593.0,17,2026-05-18,False,False,long
C0325,A10,9176248559,2026-05-18 17:45:27,2026-05-18 17:54:08,connected,English,NO_RESPONSE,0.0,False,521.0,17,2026-05-18,False,False,long
C0277,A04,9714137833,2026-05-18 18:14:27,2026-05-18 18:24:09,no_answer,Marathi,CALL_BACK,0.0,True,582.0,18,2026-05-18,False,False,long
C0042,A04,9314289692,2026-05-18 19:06:27,2026-05-18 19:14:38,callback_requested,English,NO_RESPONSE,0.0,True,491.0,19,2026-05-18,False,False,long
C0396,A10,9937336224,2026-05-18 19:50:27,2026-05-18 20:05:11,no_answer,Hindi,FOLLOW_UP,5000.0,True,884.0,19,2026-05-18,False,False,long
C0166,A08,9755621841,2026-05-18 23:14:27,2026-05-18 23:18:40,dropped,Marathi,CALL_BACK,0.0,True,253.0,23,2026-05-18,False,False,medium
C0438,A09,9660477218,2026-05-19 00:09:27,2026-05-19 00:14:35,dropped,Marathi,P2P,0.0,True,308.0,0,2026-05-19,False,True,long
C0486,A02,9809861078,2026-05-19 01:15:27,2026-05-19 01:29:33,no_answer,English,NO_RESPONSE,5000.0,True,846.0,1,2026-05-19,False,False,long
C0040,A10,9904745462,2026-05-19 03:04:27,2026-05-19 03:11:33,no_answer,Hindi,FOLLOW_UP,0.0,False,426.0,3,2026-05-19,False,False,long
C0140,A05,9716435189,2026-05-19 03:37:27,2026-05-19 03:39:34,no_answer,English,P2P,2000.0,False,127.0,3,2026-05-19,False,False,medium
C0155,A08,9585238820,2026-05-19 04:56:27,2026-05-19 05:01:54,connected,Hindi,NO_RESPONSE,500.0,True,327.0,4,2026-05-19,False,False,long
C0291,A08,9442426442,2026-05-19 05:54:27,2026-05-19 06:02:05,connected,English,P2P,5000.0,True,458.0,5,2026-05-19,False,False,long
C0145,A10,9622517939,2026-05-19 07:53:27,2026-05-19 07:58:27,dropped,Hindi,FOLLOW_UP,1000.0,True,300.0,7,2026-05-19,False,False,medium
C0188,A10,9264752975,2026-05-19 08:24:27,2026-05-19 08:25:10,callback_requested,English,NO_RESPONSE,1000.0,True,43.0,8,2026-05-19,False,False,short
C0005,A01,9883543540,2026-05-19 09:22:27,2026-05-19 09:27:07,callback_requested,Marathi,P2P,1000.0,True,280.0,9,2026-05-19,False,False,medium
C0102,A09,9505026213,2026-05-19 10:25:27,2026-05-19 10:38:38,callback_requested,English,FOLLOW_UP,5000.0,True,791.0,10,2026-05-19,False,False,long
C0426,A07,9529765405,2026-05-19 10:49:27,2026-05-19 10:51:33,callback_requested,English,CALL_BACK,5000.0,False,126.0,10,2026-05-19,False,False,medium
C0074,A10,9852890318,2026-05-19 12:39:27,2026-05-19 12:44:23,dropped,Marathi,P2P,2000.0,True,296.0,12,2026-05-19,False,False,medium
C0012,A08,9197613238,2026-05-19 13:52:27,2026-05-19 14:01:18,connected,Hindi,FOLLOW_UP,5000.0,True,531.0,13,2026-05-19,False,False,long
C0080,A09,9235917419,2026-05-19 15:41:27,2026-05-19 15:41:51,dropped,Hindi,P2P,2000.0,False,24.0,15,2026-05-19,False,False,short
C0283,A04,9735898931,2026-05-19 17:01:27,2026-05-19 17:11:14,no_answer,Marathi,P2P,5000.0,False,587.0,17,2026-05-19,False,False,long
C0262,A10,9618836510,2026-05-19 19:21:27,2026-05-19 19:32:30,callback_requested,Hindi,P2P,2000.0,False,663.0,19,2026-05-19,False,False,long
C0384,A02,9193445007,2026-05-19 21:02:27,2026-05-19 21:16:23,callback_requested,Marathi,CALL_BACK,2000.0,False,836.0,21,2026-05-19,False,False,long
C0404,A09,9785383997,2026-05-19 21:15:27,2026-05-19 21:19:24,callback_requested,Marathi,NO_RESPONSE,2000.0,False,237.0,21,2026-05-19,False,False,medium
C0203,A06,9528118701,2026-05-19 22:40:27,2026-05-19 22:53:08,no_answer,English,P2P,500.0,True,761.0,22,2026-05-19,False,False,long
C0308,A10,9387057426,2026-05-19 22:42:27,2026-05-19 22:47:33,connected,Hindi,CALL_BACK,0.0,False,306.0,22,2026-05-19,False,True,long
C0473,A10,9263632841,2026-05-20 01:18:27,2026-05-20 01:23:50,dropped,English,CALL_BACK,0.0,True,323.0,1,2026-05-20,False,False,long
C0373,A01,9563129902,2026-05-20 01:21:27,2026-05-20 01:29:51,no_answer,Marathi,CALL_BACK,0.0,True,504.0,1,2026-05-20,False,False,long
C0157,A03,9166436383,2026-05-20 01:30:27,2026-05-20 01:39:10,callback_requested,Hindi,NO_RESPONSE,5000.0,True,523.0,1,2026-05-20,False,False,long
C0293,A04,9956583753,2026-05-20 03:33:27,2026-05-20 03:41:30,callback_requested,Marathi,FOLLOW_UP,0.0,False,483.0,3,2026-05-20,False,False,long
C0415,A04,9277042316,2026-05-20 05:38:27,2026-05-20 05:51:25,callback_requested,Hindi,FOLLOW_UP,0.0,True,778.0,5,2026-05-20,False,False,long
C0136,A02,9435596237,2026-05-20 06:35:27,2026-05-20 06:42:42,callback_requested,English,NO_RESPONSE,500.0,True,435.0,6,2026-05-20,False,False,long
C0401,A05,9380404354,2026-05-20 12:20:27,2026-05-20 12:26:09,dropped,Hindi,FOLLOW_UP,2000.0,True,342.0,12,2026-05-20,False,False,long
C0474,A07,9397082704,2026-05-20 13:10:27,2026-05-20 13:14:23,dropped,Hindi,NO_RESPONSE,1000.0,False,236.0,13,2026-05-20,False,False,medium
C0251,A08,9161873231,2026-05-20 22:51:27,2026-05-20 23:05:22,callback_requested,English,FOLLOW_UP,1000.0,True,835.0,22,2026-05-20,False,False,long
C0085,A10,9894664845,2026-05-21 02:21:27,2026-05-21 02:22:38,connected,Hindi,FOLLOW_UP,500.0,True,71.0,2,2026-05-21,False,False,medium
C0167,A04,9494966219,2026-05-21 05:03:27,2026-05-21 05:17:52,callback_requested,English,NO_RESPONSE,1000.0,False,865.0,5,2026-05-21,False,False,long
C0123,A04,9677186272,2026-05-21 05:53:27,2026-05-21 05:55:16,no_answer,English,CALL_BACK,500.0,False,109.0,5,2026-05-21,False,False,medium
C0419,A09,9389885759,2026-05-21 07:18:27,2026-05-21 07:20:20,no_answer,English,P2P,2000.0,True,113.0,7,2026-05-21,False,False,medium
C0109,A03,9362204999,2026-05-21 09:37:27,2026-05-21 09:44:58,callback_requested,Marathi,FOLLOW_UP,0.0,True,451.0,9,2026-05-21,False,False,long
C0163,A08,9306164050,2026-05-21 15:47:27,2026-05-21 15:53:26,no_answer,Hindi,FOLLOW_UP,0.0,False,359.0,15,2026-05-21,False,True,long
C0421,A08,9323009714,2026-05-21 15:58:27,2026-05-21 16:07:58,callback_requested,English,FOLLOW_UP,0.0,True,571.0,15,2026-05-21,False,True,long
C0258,A04,9507849850,2026-05-21 16:48:27,2026-05-21 16:54:14,no_answer,English,NO_RESPONSE,500.0,False,347.0,16,2026-05-21,False,False,long
C0420,A08,9313295228,2026-05-21 17:10:27,2026-05-21 17:12:25,no_answer,English,FOLLOW_UP,500.0,False,118.0,17,2026-05-21,False,False,medium
C0087,A05,9854827139,2026-05-21 19:46:27,2026-05-21 19:51:32,callback_requested,Hindi,FOLLOW_UP,500.0,True,305.0,19,2026-05-21,False,False,long
C0079,A09,9740799178,2026-05-21 21:23:27,2026-05-21 21:36:35,dropped,Hindi,FOLLOW_UP,500.0,True,788.0,21,2026-05-21,False,False,long
C0333,A02,9632734398,2026-05-21 22:24:27,2026-05-21 22:35:19,callback_requested,Marathi,NO_RESPONSE,0.0,False,652.0,22,2026-05-21,False,True,long
C0186,A02,9820678212,2026-05-22 00:10:27,2026-05-22 00:11:35,callback_requested,English,FOLLOW_UP,0.0,True,68.0,0,2026-05-22,False,True,medium
C0397,A01,9937844678,2026-05-22 00:34:27,2026-05-22 00:43:22,connected,English,FOLLOW_UP,5000.0,True,535.0,0,2026-05-22,False,False,long
C0304,A09,9983271755,2026-05-22 03:08:27,2026-05-22 03:14:52,connected,Marathi,CALL_BACK,2000.0,True,385.0,3,2026-05-22,False,False,long
C0496,A02,9404155269,2026-05-22 05:11:27,2026-05-22 05:15:35,callback_requested,English,FOLLOW_UP,0.0,True,248.0,5,2026-05-22,False,True,medium
C0379,A04,9998806471,2026-05-22 06:31:27,2026-05-22 06:36:06,dropped,Marathi,P2P,0.0,True,279.0,6,2026-05-22,False,False,medium
C0027,A09,9810678904,2026-05-22 06:42:27,2026-05-22 06:49:50,callback_requested,Hindi,FOLLOW_UP,500.0,True,443.0,6,2026-05-22,False,False,long
C0064,A08,9450948014,2026-05-22 08:40:27,2026-05-22 08:44:13,dropped,English,NO_RESPONSE,1000.0,False,226.0,8,2026-05-22,False,False,medium
C0344,A07,9852398388,2026-05-22 10:01:27,2026-05-22 10:15:17,dropped,English,CALL_BACK,500.0,True,830.0,10,2026-05-22,False,False,long
C0313,A06,9687670209,2026-05-22 10:07:27,2026-05-22 10:12:27,no_answer,Marathi,CALL_BACK,500.0,True,300.0,10,2026-05-22,False,False,medium
C0278,A03,9167932588,2026-05-22 11:43:27,2026-05-22 11:52:01,no_answer,English,NO_RESPONSE,1000.0,False,514.0,11,2026-05-22,False,False,long
C0252,A02,9582954920,2026-05-22 14:39:27,2026-05-22 14:50:39,dropped,Hindi,FOLLOW_UP,0.0,False,672.0,14,2026-05-22,False,True,long
C0489,A10,9705165937,2026-05-22 15:27:27,2026-05-22 15:34:32,connected,Marathi,NO_RESPONSE,0.0,True,425.0,15,2026-05-22,False,True,long
C0316,A03,9155606161,2026-05-22 18:37:27,2026-05-22 18:48:57,callback_requested,Marathi,NO_RESPONSE,5000.0,True,690.0,18,2026-05-22,False,False,long
C0369,A05,9945056299,2026-05-22 22:56:27,2026-05-22 23:02:35,connected,Marathi,P2P,0.0,False,368.0,22,2026-05-22,False,True,long
C0470,A04,9223075021,2026-05-23 01:07:27,2026-05-23 01:11:55,no_answer,Marathi,P2P,2000.0,False,268.0,1,2026-05-23,True,False,medium
C0478,A05,9243753906,2026-05-23 02:14:27,2026-05-23 02:29:14,callback_requested,Marathi,P2P,1000.0,False,887.0,2,2026-05-23,True,False,long
C0340,A01,9459722166,2026-05-23 03:38:27,2026-05-23 03:49:28,connected,Marathi,CALL_BACK,5000.0,False,661.0,3,2026-05-23,True,False,long
C0171,A04,9130266145,2026-05-23 08:55:27,2026-05-23 09:02:00,dropped,Hindi,NO_RESPONSE,0.0,True,393.0,8,2026-05-23,True,False,long
C0368,A02,9982252644,2026-05-23 09:40:27,2026-05-23 09:43:28,dropped,English,P2P,500.0,True,181.0,9,2026-05-23,True,False,medium
C0174,A04,9550784243,2026-05-23 11:53:27,2026-05-23 11:54:25,callback_requested,Hindi,P2P,1000.0,True,58.0,11,2026-05-23,True,False,short
C0285,A07,9947264726,2026-05-23 12:18:27,2026-05-23 12:21:14,callback_requested,Hindi,CALL_BACK,2000.0,False,167.0,12,2026-05-23,True,False,medium
C0457,A06,9487403718,2026-05-23 14:18:27,2026-05-23 14:24:16,dropped,Hindi,CALL_BACK,2000.0,True,349.0,14,2026-05-23,True,False,long
C0205,A10,9874305759,2026-05-23 15:08:27,2026-05-23 15:14:12,dropped,Hindi,FOLLOW_UP,1000.0,False,345.0,15,2026-05-23,True,False,long
C0481,A04,9145965208,2026-05-23 18:44:27,2026-05-23 18:50:55,no_answer,Marathi,NO_RESPONSE,1000.0,False,388.0,18,2026-05-23,True,False,long
C0393,A06,9856594938,2026-05-23 19:31:27,2026-05-23 19:32:28,no_answer,English,NO_RESPONSE,1000.0,False,61.0,19,2026-05-23,True,False,medium
C0416,A09,9281445989,2026-05-23 21:59:27,2026-05-23 22:09:40,connected,English,P2P,1000.0,False,613.0,21,2026-05-23,True,False,long
C0461,A04,9835948208,2026-05-23 23:20:27,2026-05-23 23:33:49,callback_requested,Hindi,FOLLOW_UP,2000.0,False,802.0,23,2026-05-23,True,False,long
C0022,A10,9718702544,2026-05-24 03:52:27,2026-05-24 04:04:57,callback_requested,Hindi,CALL_BACK,1000.0,True,750.0,3,2026-05-24,True,False,long
C0324,A04,9902990996,2026-05-24 04:22:27,2026-05-24 04:31:18,callback_requested,English,P2P,0.0,False,531.0,4,2026-05-24,True,False,long
C0391,A07,9895583423,2026-05-24 06:47:27,2026-05-24 07:01:40,callback_requested,Marathi,NO_RESPONSE,0.0,True,853.0,6,2026-05-24,True,True,long
C0296,A08,9666629680,2026-05-24 06:53:27,2026-05-24 06:58:05,dropped,Marathi,CALL_BACK,2000.0,False,278.0,6,2026-05-24,True,False,medium
C0409,A08,9253785761,2026-05-24 10:34:27,2026-05-24 10:44:20,dropped,Marathi,FOLLOW_UP,0.0,False,593.0,10,2026-05-24,True,True,long
C0153,A02,9290209201,2026-05-24 15:22:27,2026-05-24 15:25:13,callback_requested,English,CALL_BACK,5000.0,False,166.0,15,2026-05-24,True,False,medium
C0216,A07,9262598077,2026-05-24 20:32:27,2026-05-24 20:37:58,callback_requested,Marathi,FOLLOW_UP,1000.0,False,331.0,20,2026-05-24,True,False,long
C0227,A01,9109950544,2026-05-24 21:05:27,2026-05-24 21:10:33,dropped,Marathi,P2P,500.0,False,306.0,21,2026-05-24,True,False,long
C0176,A09,9487195336,2026-05-24 23:18:27,2026-05-24 23:20:04,connected,Marathi,P2P,1000.0,False,97.0,23,2026-05-24,True,False,medium
C0230,A07,9987973565,2026-05-25 01:06:27,2026-05-25 01:17:31,callback_requested,Marathi,NO_RESPONSE,0.0,False,664.0,1,2026-05-25,False,True,long
C0367,A10,9337184468,2026-05-25 01:40:27,2026-05-25 01:54:25,connected,English,FOLLOW_UP,500.0,True,838.0,1,2026-05-25,False,False,long
C0480,A03,9890187877,2026-05-25 02:24:27,2026-05-25 02:35:52,callback_requested,English,P2P,0.0,False,685.0,2,2026-05-25,False,False,long
C0009,A09,9335809993,2026-05-25 06:36:27,2026-05-25 06:41:13,dropped,Hindi,FOLLOW_UP,0.0,False,286.0,6,2026-05-25,False,True,medium
C0026,A04,9530613729,2026-05-25 07:29:27,2026-05-25 07:37:49,connected,Hindi,CALL_BACK,0.0,False,502.0,7,2026-05-25,False,True,long
C0008,A05,9853573823,2026-05-25 09:38:27,2026-05-25 09:42:11,connected,Marathi,FOLLOW_UP,2000.0,True,224.0,9,2026-05-25,False,False,medium
C0143,A06,9934120892,2026-05-25 09:41:27,2026-05-25 09:53:55,connected,Hindi,FOLLOW_UP,0.0,True,748.0,9,2026-05-25,False,False,long
C0237,A08,9224811770,2026-05-25 10:06:27,2026-05-25 10:15:29,no_answer,Marathi,CALL_BACK,0.0,False,542.0,10,2026-05-25,False,True,long
C0269,A10,9254824511,2026-05-25 10:59:27,2026-05-25 11:03:09,callback_requested,Hindi,NO_RESPONSE,0.0,True,222.0,10,2026-05-25,False,False,medium
C0025,A02,9575808013,2026-05-25 12:31:27,2026-05-25 12:35:52,connected,Hindi,P2P,0.0,True,265.0,12,2026-05-25,False,True,medium
C0337,A01,9530489781,2026-05-25 13:09:27,2026-05-25 13:18:25,connected,English,NO_RESPONSE,500.0,False,538.0,13,2026-05-25,False,False,long
C0086,A02,9268075622,2026-05-25 13:49:27,2026-05-25 13:59:02,connected,English,CALL_BACK,5000.0,False,575.0,13,2026-05-25,False,False,long
C0453,A02,9505013519,2026-05-25 15:13:27,2026-05-25 15:22:23,connected,English,NO_RESPONSE,2000.0,False,536.0,15,2026-05-25,False,False,long
C0414,A05,9412273967,2026-05-25 18:08:27,2026-05-25 18:09:23,callback_requested,Marathi,NO_RESPONSE,1000.0,True,56.0,18,2026-05-25,False,False,short
C0332,A02,9928316966,2026-05-25 21:11:27,2026-05-25 21:16:12,connected,English,CALL_BACK,500.0,True,285.0,21,2026-05-25,False,False,medium
C0472,A02,9406163675,2026-05-25 23:19:27,2026-05-25 23:23:37,connected,Hindi,NO_RESPONSE,1000.0,False,250.0,23,2026-05-25,False,False,medium
C0320,A03,9788887139,2026-05-26 08:11:27,2026-05-26 08:25:29,no_answer,Hindi,P2P,2000.0,True,842.0,8,2026-05-26,False,False,long
C0280,A06,9765926290,2026-05-26 12:00:27,2026-05-26 12:07:22,callback_requested,English,CALL_BACK,500.0,False,415.0,12,2026-05-26,False,False,long
C0011,A09,9678722458,2026-05-26 12:52:27,2026-05-26 12:56:49,dropped,Marathi,CALL_BACK,2000.0,False,262.0,12,2026-05-26,False,False,medium
C0454,A05,9106061417,2026-05-26 15:23:27,2026-05-26 15:38:03,dropped,English,FOLLOW_UP,0.0,True,876.0,15,2026-05-26,False,True,long
C0210,A06,9698967370,2026-05-26 17:35:27,2026-05-26 17:41:59,dropped,Hindi,FOLLOW_UP,2000.0,False,392.0,17,2026-05-26,False,False,long
C0078,A02,9897662466,2026-05-26 21:48:27,2026-05-26 21:54:00,no_answer,Hindi,FOLLOW_UP,5000.0,False,333.0,21,2026-05-26,False,False,long
C0069,A10,9964929067,2026-05-26 22:11:27,2026-05-26 22:16:45,connected,Marathi,P2P,500.0,False,318.0,22,2026-05-26,False,False,long
C0121,A01,9765233376,2026-05-26 23:46:27,2026-05-26 23:54:39,dropped,Marathi,FOLLOW_UP,5000.0,True,492.0,23,2026-05-26,False,False,long
C0068,A10,9827296111,2026-05-27 02:59:27,2026-05-27 03:04:56,callback_requested,English,FOLLOW_UP,0.0,True,329.0,2,2026-05-27,False,True,long
C0160,A05,9370578414,2026-05-27 03:17:27,2026-05-27 03:24:12,no_answer,English,P2P,2000.0,True,405.0,3,2026-05-27,False,False,long
C0105,A01,9875718152,2026-05-27 04:02:27,2026-05-27 04:10:24,no_answer,English,FOLLOW_UP,0.0,False,477.0,4,2026-05-27,False,True,long
C0095,A01,9806157458,2026-05-27 08:05:27,2026-05-27 08:14:23,callback_requested,English,P2P,0.0,False,536.0,8,2026-05-27,False,False,long
C0443,A10,9445577110,2026-05-27 08:18:27,2026-05-27 08:28:51,callback_requested,English,FOLLOW_UP,500.0,False,624.0,8,2026-05-27,False,False,long
C0374,A07,9848609261,2026-05-27 10:47:27,2026-05-27 10:50:51,dropped,Marathi,NO_RESPONSE,500.0,True,204.0,10,2026-05-27,False,False,medium
C0288,A09,9699140867,2026-05-27 12:46:27,2026-05-27 12:55:19,no_answer,English,NO_RESPONSE,1000.0,False,532.0,12,2026-05-27,False,False,long
C0020,A06,9122585366,2026-05-27 13:46:27,2026-05-27 13:47:42,no_answer,Marathi,FOLLOW_UP,0.0,True,75.0,13,2026-05-27,False,True,medium
C0341,A07,9628311983,2026-05-27 14:27:27,2026-05-27 14:31:40,connected,Hindi,NO_RESPONSE,0.0,True,253.0,14,2026-05-27,False,True,medium
C0498,A10,9372336071,2026-05-27 16:33:27,2026-05-27 16:44:44,dropped,Marathi,CALL_BACK,2000.0,False,677.0,16,2026-05-27,False,False,long
C0023,A06,9554814084,2026-05-27 17:18:27,2026-05-27 17:25:58,callback_requested,English,P2P,5000.0,True,451.0,17,2026-05-27,False,False,long
C0375,A09,9627151698,2026-05-27 19:35:27,2026-05-27 19:45:22,no_answer,Hindi,NO_RESPONSE,0.0,False,595.0,19,2026-05-27,False,True,long
C0331,A01,9275913951,2026-05-27 20:15:27,2026-05-27 20:17:57,callback_requested,English,NO_RESPONSE,0.0,False,150.0,20,2026-05-27,False,False,medium
C0276,A09,9199926988,2026-05-27 20:55:27,2026-05-27 21:01:39,dropped,English,P2P,500.0,False,372.0,20,2026-05-27,False,False,long
C0202,A08,9546270451,2026-05-27 22:57:27,2026-05-27 23:00:18,callback_requested,English,FOLLOW_UP,500.0,True,171.0,22,2026-05-27,False,False,medium
C0380,A09,9544514776,2026-05-27 23:38:27,2026-05-27 23:52:24,no_answer,Marathi,P2P,1000.0,False,837.0,23,2026-05-27,False,False,long
C0110,A10,9833510170,2026-05-28 01:05:27,2026-05-28 01:12:08,no_answer,English,FOLLOW_UP,0.0,False,401.0,1,2026-05-28,False,False,long
C0273,A04,9865694462,2026-05-28 01:42:27,2026-05-28 01:56:14,connected,Hindi,NO_RESPONSE,0.0,False,827.0,1,2026-05-28,False,False,long
C0338,A06,9315469014,2026-05-28 03:31:27,2026-05-28 03:31:45,dropped,Marathi,NO_RESPONSE,5000.0,True,18.0,3,2026-05-28,False,False,short
C0267,A06,9707583925,2026-05-28 05:06:27,2026-05-28 05:14:01,connected,Marathi,P2P,0.0,True,454.0,5,2026-05-28,False,False,long
C0434,A02,9634050562,2026-05-28 05:32:27,2026-05-28 05:38:00,connected,Hindi,CALL_BACK,1000.0,True,333.0,5,2026-05-28,False,False,long
C0093,A06,9444733679,2026-05-28 05:38:27,2026-05-28 05:45:35,connected,Hindi,NO_RESPONSE,1000.0,False,428.0,5,2026-05-28,False,False,long
C0059,A09,9600282414,2026-05-28 07:34:27,2026-05-28 07:40:15,callback_requested,Hindi,FOLLOW_UP,1000.0,False,348.0,7,2026-05-28,False,False,long
C0376,A10,9615748688,2026-05-28 11:08:27,2026-05-28 11:19:54,no_answer,Hindi,P2P,0.0,True,687.0,11,2026-05-28,False,False,long
C0392,A07,9245652883,2026-05-28 11:15:27,2026-05-28 11:24:15,connected,Hindi,FOLLOW_UP,0.0,True,528.0,11,2026-05-28,False,False,long
C0117,A07,9288592093,2026-05-28 11:40:27,2026-05-28 11:53:22,no_answer,Hindi,NO_RESPONSE,2000.0,False,775.0,11,2026-05-28,False,False,long
C0430,A01,9856524312,2026-05-28 12:19:27,2026-05-28 12:24:58,no_answer,Marathi,NO_RESPONSE,2000.0,True,331.0,12,2026-05-28,False,False,long
C0075,A08,9696115913,2026-05-28 13:14:27,2026-05-28 13:21:33,no_answer,Marathi,CALL_BACK,5000.0,False,426.0,13,2026-05-28,False,False,long
C0142,A01,9198524063,2026-05-28 16:13:27,2026-05-28 16:24:25,no_answer,English,CALL_BACK,1000.0,False,658.0,16,2026-05-28,False,False,long
C0463,A05,9699238353,2026-05-28 19:49:27,2026-05-28 20:03:10,connected,Marathi,FOLLOW_UP,500.0,False,823.0,19,2026-05-28,False,False,long
C0245,A01,9358413465,2026-05-28 23:34:27,2026-05-28 23:45:06,no_answer,Hindi,P2P,2000.0,True,639.0,23,2026-05-28,False,False,long
C0177,A05,9902425085,2026-05-29 00:36:27,2026-05-29 00:42:59,connected,English,P2P,500.0,True,392.0,0,2026-05-29,False,False,long
C0433,A07,9533015368,2026-05-29 04:46:27,2026-05-29 04:56:00,no_answer,Hindi,CALL_BACK,1000.0,False,573.0,4,2026-05-29,False,False,long
C0240,A02,9681069884,2026-05-29 07:38:27,2026-05-29 07:50:34,connected,Hindi,CALL_BACK,0.0,False,727.0,7,2026-05-29,False,True,long
C0024,A02,9366992705,2026-05-29 08:14:27,2026-05-29 08:20:24,no_answer,Hindi,CALL_BACK,0.0,False,357.0,8,2026-05-29,False,False,long
C0126,A02,9984968439,2026-05-29 08:43:27,2026-05-29 08:46:51,callback_requested,Hindi,FOLLOW_UP,5000.0,True,204.0,8,2026-05-29,False,False,medium
C0127,A10,9320337809,2026-05-29 10:45:27,2026-05-29 10:47:45,connected,Marathi,FOLLOW_UP,2000.0,True,138.0,10,2026-05-29,False,False,medium
C0172,A08,9847401602,2026-05-29 11:02:27,2026-05-29 11:16:46,no_answer,Marathi,CALL_BACK,1000.0,True,859.0,11,2026-05-29,False,False,long
C0488,A03,9244658840,2026-05-29 16:24:27,2026-05-29 16:34:43,connected,Marathi,FOLLOW_UP,0.0,True,616.0,16,2026-05-29,False,True,long
C0314,A08,9117481970,2026-05-29 17:20:27,2026-05-29 17:33:59,connected,Hindi,CALL_BACK,1000.0,True,812.0,17,2026-05-29,False,False,long
C0271,A02,9465708674,2026-05-29 17:33:27,2026-05-29 17:37:34,callback_requested,English,P2P,5000.0,False,247.0,17,2026-05-29,False,False,medium
C0207,A10,9802506364,2026-05-29 19:42:27,2026-05-29 19:51:03,callback_requested,English,P2P,0.0,False,516.0,19,2026-05-29,False,True,long
C0335,A08,9490816787,2026-05-29 20:45:27,2026-05-29 20:46:24,callback_requested,Hindi,FOLLOW_UP,0.0,False,57.0,20,2026-05-29,False,True,short
C0114,A01,9707661655,2026-05-29 23:35:27,2026-05-29 23:40:18,connected,Marathi,CALL_BACK,500.0,True,291.0,23,2026-05-29,False,False,medium
C0043,A06,9399147754,2026-05-29 23:48:27,2026-05-29 23:55:25,connected,English,NO_RESPONSE,5000.0,False,418.0,23,2026-05-29,False,False,long
C0362,A06,9759422189,2026-05-30 04:30:27,2026-05-30 04:30:37,no_answer,Hindi,NO_RESPONSE,5000.0,True,10.0,4,2026-05-30,True,False,short
C0448,A01,9314643586,2026-05-30 08:51:27,2026-05-30 08:52:31,dropped,Hindi,NO_RESPONSE,5000.0,False,64.0,8,2026-05-30,True,False,medium
C0292,A03,9895094534,2026-05-30 10:19:27,2026-05-30 10:21:28,no_answer,Marathi,FOLLOW_UP,2000.0,True,121.0,10,2026-05-30,True,False,medium
C0120,A08,9495765839,2026-05-30 12:26:27,2026-05-30 12:28:43,dropped,Marathi,CALL_BACK,5000.0,False,136.0,12,2026-05-30,True,False,medium
C0327,A01,9947493681,2026-05-30 12:47:27,2026-05-30 12:48:17,callback_requested,Marathi,NO_RESPONSE,5000.0,False,50.0,12,2026-05-30,True,False,short
C0146,A03,9920511515,2026-05-30 14:41:27,2026-05-30 14:45:13,dropped,English,NO_RESPONSE,0.0,True,226.0,14,2026-05-30,True,True,medium
C0041,A07,9961393416,2026-05-30 15:13:27,2026-05-30 15:19:17,no_answer,English,FOLLOW_UP,5000.0,True,350.0,15,2026-05-30,True,False,long
C0141,A05,9464883950,2026-05-30 15:43:27,2026-05-30 15:55:36,dropped,Hindi,FOLLOW_UP,0.0,False,729.0,15,2026-05-30,True,False,long
C0130,A03,9896413702,2026-05-30 15:44:27,2026-05-30 15:45:30,callback_requested,Marathi,P2P,5000.0,True,63.0,15,2026-05-30,True,False,medium
C0425,A03,9452896879,2026-05-30 16:18:27,2026-05-30 16:29:39,dropped,English,NO_RESPONSE,5000.0,True,672.0,16,2026-05-30,True,False,long
C0263,A05,9675244407,2026-05-30 20:27:27,2026-05-30 20:39:56,dropped,Hindi,CALL_BACK,0.0,True,749.0,20,2026-05-30,True,False,long
